SEQN,y
62163,1.152247375273499
62171,1.152247375273499
62178,1.152247375273499
62180,1.152247375273499
62189,1.152247375273499
62200,1.152247375273499
62210,1.152247375273499
62217,1.152247375273499
62220,1.152247375273499
62222,1.152247375273499
62234,1.152247375273499
62236,1.152247375273499
62237,1.152247375273499
62249,1.152247375273499
62259,1.152247375273499
62277,1.152247375273499
62280,1.152247375273499
62285,1.152247375273499
62289,1.152247375273499
62293,1.152247375273499
62297,1.152247375273499
62303,1.152247375273499
62312,1.152247375273499
62325,1.152247375273499
62340,1.152247375273499
62342,1.152247375273499
62349,1.152247375273499
62350,1.152247375273499
62353,1.152247375273499
62359,1.152247375273499
62383,1.152247375273499
62388,1.2965389775030705
62407,1.152247375273499
62412,1.152247375273499
62447,1.152247375273499
62452,1.152247375273499
62454,1.152247375273499
62487,1.152247375273499
62504,1.152247375273499
62507,1.152247375273499
62524,1.152247375273499
62534,1.152247375273499
62539,1.152247375273499
62555,1.152247375273499
62599,1.152247375273499
62601,1.152247375273499
62652,1.152247375273499
62658,1.152247375273499
62665,1.152247375273499
62678,1.152247375273499
62701,1.152247375273499
62719,1.152247375273499
62720,1.152247375273499
62723,1.152247375273499
62724,1.152247375273499
62753,1.152247375273499
62761,1.152247375273499
62763,1.152247375273499
62771,1.152247375273499
62777,1.152247375273499
62787,1.152247375273499
62791,1.152247375273499
62793,1.152247375273499
62798,1.152247375273499
62800,1.152247375273499
62807,1.152247375273499
62808,1.152247375273499
62809,1.152247375273499
62816,1.152247375273499
62818,1.152247375273499
62824,1.152247375273499
62835,1.152247375273499
62848,1.152247375273499
62867,1.152247375273499
62880,1.152247375273499
62886,1.152247375273499
62907,1.152247375273499
62911,1.152247375273499
62917,1.152247375273499
62945,1.152247375273499
62951,1.152247375273499
62958,1.152247375273499
62967,1.152247375273499
62969,1.152247375273499
62971,1.152247375273499
62976,1.152247375273499
62979,1.152247375273499
63004,1.2965389775030705
63005,1.152247375273499
63008,1.152247375273499
63010,1.152247375273499
63011,1.152247375273499
63022,1.152247375273499
63023,1.152247375273499
63026,1.152247375273499
63033,1.152247375273499
63042,1.152247375273499
63045,1.152247375273499
63050,1.152247375273499
63056,1.152247375273499
63058,1.152247375273499
63071,1.152247375273499
63076,1.152247375273499
63083,1.152247375273499
63091,1.152247375273499
63103,1.152247375273499
63112,1.152247375273499
63117,1.152247375273499
63118,1.152247375273499
63119,1.152247375273499
63138,1.152247375273499
63151,1.152247375273499
63152,1.152247375273499
63154,1.152247375273499
63156,1.152247375273499
63159,1.152247375273499
63173,1.152247375273499
63178,1.152247375273499
63188,1.152247375273499
63197,1.2965389775030705
63204,1.152247375273499
63214,1.152247375273499
63230,1.152247375273499
63232,1.152247375273499
63254,1.152247375273499
63261,1.152247375273499
63268,1.152247375273499
63273,1.2965389775030705
63276,1.152247375273499
63283,1.152247375273499
63284,1.152247375273499
63285,1.152247375273499
63291,1.152247375273499
63295,1.152247375273499
63302,1.152247375273499
63320,1.152247375273499
63323,1.152247375273499
63339,1.152247375273499
63340,1.152247375273499
63393,1.152247375273499
63410,1.152247375273499
63420,1.152247375273499
63422,1.152247375273499
63424,1.152247375273499
63428,1.152247375273499
63439,1.152247375273499
63455,1.152247375273499
63481,1.152247375273499
63487,1.152247375273499
63499,1.152247375273499
63514,1.2965389775030705
63521,1.152247375273499
63544,1.152247375273499
63546,1.152247375273499
63551,1.152247375273499
63575,1.152247375273499
63582,1.152247375273499
63621,1.152247375273499
63629,1.152247375273499
63632,1.152247375273499
63643,1.152247375273499
63656,1.152247375273499
63659,1.2965389775030705
63666,1.152247375273499
63673,1.152247375273499
63675,1.152247375273499
63682,1.152247375273499
63685,1.152247375273499
63690,1.152247375273499
63700,1.152247375273499
63732,1.152247375273499
63734,1.152247375273499
63738,1.152247375273499
63765,1.152247375273499
63797,1.152247375273499
63802,1.152247375273499
63828,1.152247375273499
63837,1.152247375273499
63844,1.152247375273499
63848,1.152247375273499
63849,1.152247375273499
63852,1.152247375273499
63868,1.152247375273499
63873,1.152247375273499
63890,1.152247375273499
63894,1.152247375273499
63915,1.152247375273499
63929,1.2965389775030705
63935,1.152247375273499
63939,1.152247375273499
63940,1.152247375273499
63943,1.152247375273499
63945,1.152247375273499
63946,1.152247375273499
63948,1.152247375273499
63951,1.152247375273499
63953,1.2965389775030705
63959,1.152247375273499
63971,1.152247375273499
63972,1.152247375273499
63973,1.152247375273499
63983,1.152247375273499
64013,1.152247375273499
64025,1.152247375273499
64046,1.152247375273499
64052,1.152247375273499
64055,1.152247375273499
64058,1.152247375273499
64064,1.152247375273499
64072,1.152247375273499
64085,1.152247375273499
64089,1.152247375273499
64113,1.152247375273499
64121,1.152247375273499
64131,1.152247375273499
64133,1.152247375273499
64134,1.152247375273499
64135,1.152247375273499
64138,1.152247375273499
64157,1.152247375273499
64158,1.152247375273499
64161,1.2965389775030705
64169,1.152247375273499
64181,1.152247375273499
64183,1.152247375273499
64215,1.2965389775030705
64217,1.152247375273499
64222,1.152247375273499
64227,1.152247375273499
64253,1.152247375273499
64256,1.152247375273499
64257,1.152247375273499
64264,1.152247375273499
64265,1.152247375273499
64276,1.152247375273499
64299,1.152247375273499
64312,1.152247375273499
64320,1.152247375273499
64330,1.152247375273499
64336,1.152247375273499
64341,1.152247375273499
64342,1.152247375273499
64343,1.152247375273499
64344,1.152247375273499
64347,1.152247375273499
64351,1.152247375273499
64368,1.152247375273499
64370,1.152247375273499
64377,1.152247375273499
64390,1.152247375273499
64391,1.152247375273499
64399,1.152247375273499
64412,1.152247375273499
64420,1.152247375273499
64427,1.152247375273499
64437,1.152247375273499
64447,1.152247375273499
64466,1.152247375273499
64509,1.152247375273499
64511,1.152247375273499
64514,1.152247375273499
64530,1.152247375273499
64536,1.152247375273499
64552,1.152247375273499
64558,1.152247375273499
64567,1.152247375273499
64583,1.152247375273499
64596,1.152247375273499
64599,1.152247375273499
64613,1.152247375273499
64616,1.152247375273499
64619,1.152247375273499
64625,1.152247375273499
64627,1.152247375273499
64629,1.152247375273499
64642,1.152247375273499
64643,1.152247375273499
64646,1.152247375273499
64672,1.152247375273499
64675,1.152247375273499
64706,1.152247375273499
64714,1.152247375273499
64715,1.152247375273499
64720,1.152247375273499
64722,1.152247375273499
64725,1.152247375273499
64733,1.152247375273499
64758,1.152247375273499
64762,1.152247375273499
64768,1.152247375273499
64779,1.152247375273499
64792,1.152247375273499
64802,1.152247375273499
64808,1.152247375273499
64812,1.152247375273499
64822,1.152247375273499
64823,1.152247375273499
64824,1.152247375273499
64828,1.152247375273499
64832,1.152247375273499
64839,1.152247375273499
64843,1.152247375273499
64860,1.152247375273499
64880,1.152247375273499
64887,1.152247375273499
64893,1.152247375273499
64900,1.152247375273499
64901,1.152247375273499
64902,1.152247375273499
64908,1.152247375273499
64935,1.152247375273499
64938,1.152247375273499
64948,1.152247375273499
64968,1.152247375273499
64972,1.152247375273499
64979,1.152247375273499
64992,1.152247375273499
65006,1.152247375273499
65021,1.152247375273499
65023,1.152247375273499
65031,1.152247375273499
65034,1.152247375273499
65044,1.152247375273499
65065,1.2965389775030705
65067,1.152247375273499
65071,1.152247375273499
65072,1.152247375273499
65080,1.152247375273499
65091,1.152247375273499
65097,1.2965389775030705
65103,1.152247375273499
65106,1.152247375273499
65111,1.152247375273499
65112,1.152247375273499
65123,1.152247375273499
65125,1.152247375273499
65126,1.152247375273499
65141,1.152247375273499
65153,1.152247375273499
65154,1.152247375273499
65156,1.152247375273499
65157,1.152247375273499
65171,1.152247375273499
65180,1.152247375273499
65195,1.152247375273499
65202,1.152247375273499
65204,1.152247375273499
65213,1.152247375273499
65240,1.152247375273499
65262,1.152247375273499
65263,1.152247375273499
65271,1.152247375273499
65278,1.152247375273499
65316,1.152247375273499
65322,1.152247375273499
65331,1.152247375273499
65334,1.2965389775030705
65347,1.152247375273499
65348,1.152247375273499
65370,1.152247375273499
65374,1.2965389775030705
65401,1.152247375273499
65403,1.152247375273499
65405,1.152247375273499
65417,1.152247375273499
65436,1.152247375273499
65443,1.152247375273499
65451,1.152247375273499
65456,1.152247375273499
65476,1.152247375273499
65479,1.152247375273499
65492,1.152247375273499
65500,1.152247375273499
65503,1.152247375273499
65514,1.152247375273499
65532,1.152247375273499
65548,1.152247375273499
65550,1.152247375273499
65562,1.152247375273499
65564,1.152247375273499
65565,1.152247375273499
65567,1.152247375273499
65569,1.152247375273499
65594,1.152247375273499
65599,1.152247375273499
65604,1.152247375273499
65613,1.152247375273499
65627,1.152247375273499
65657,1.152247375273499
65659,1.152247375273499
65660,1.2965389775030705
65676,1.152247375273499
65678,1.152247375273499
65679,1.2965389775030705
65688,1.152247375273499
65699,1.152247375273499
65701,1.152247375273499
65715,1.152247375273499
65726,1.152247375273499
65734,1.152247375273499
65738,1.152247375273499
65751,1.152247375273499
65757,1.152247375273499
65771,1.152247375273499
65772,1.152247375273499
65773,1.152247375273499
65793,1.152247375273499
65800,1.152247375273499
65812,1.152247375273499
65817,1.152247375273499
65818,1.152247375273499
65827,1.152247375273499
65846,1.152247375273499
65851,1.152247375273499
65852,1.152247375273499
65863,1.152247375273499
65868,1.152247375273499
65874,1.152247375273499
65876,1.152247375273499
65893,1.2965389775030705
65899,1.152247375273499
65908,1.152247375273499
65923,1.152247375273499
65929,1.152247375273499
65935,1.152247375273499
65966,1.152247375273499
65971,1.152247375273499
65999,1.152247375273499
66003,1.152247375273499
66005,1.152247375273499
66027,1.2965389775030705
66028,1.152247375273499
66049,1.152247375273499
66053,1.152247375273499
66054,1.152247375273499
66077,1.152247375273499
66091,1.152247375273499
66094,1.152247375273499
66095,1.152247375273499
66096,1.152247375273499
66111,1.152247375273499
66117,1.152247375273499
66123,1.152247375273499
66133,1.152247375273499
66139,1.152247375273499
66142,1.152247375273499
66149,1.152247375273499
66162,1.152247375273499
66177,1.152247375273499
66180,1.152247375273499
66184,1.152247375273499
66191,1.152247375273499
66197,1.152247375273499
66215,1.152247375273499
66222,1.152247375273499
66228,1.152247375273499
66229,1.152247375273499
66230,1.152247375273499
66239,1.152247375273499
66241,1.152247375273499
66247,1.152247375273499
66264,1.152247375273499
66278,1.152247375273499
66281,1.152247375273499
66299,1.152247375273499
66305,1.152247375273499
66306,1.152247375273499
66307,1.152247375273499
66317,1.152247375273499
66352,1.152247375273499
66373,1.152247375273499
66378,1.152247375273499
66391,1.152247375273499
66392,1.152247375273499
66418,1.2965389775030705
66438,1.152247375273499
66447,1.152247375273499
66457,1.152247375273499
66473,1.152247375273499
66474,1.152247375273499
66492,1.152247375273499
66498,1.152247375273499
66504,1.152247375273499
66507,1.152247375273499
66518,1.152247375273499
66524,1.152247375273499
66527,1.152247375273499
66531,1.152247375273499
66537,1.152247375273499
66552,1.152247375273499
66556,1.152247375273499
66594,1.152247375273499
66612,1.152247375273499
66630,1.152247375273499
66633,1.152247375273499
66636,1.152247375273499
66643,1.152247375273499
66654,1.152247375273499
66661,1.152247375273499
66695,1.152247375273499
66698,1.152247375273499
66699,1.152247375273499
66707,1.152247375273499
66713,1.152247375273499
66718,1.152247375273499
66735,1.152247375273499
66736,1.152247375273499
66745,1.152247375273499
66747,1.2965389775030705
66763,1.152247375273499
66771,1.152247375273499
66819,1.152247375273499
66833,1.152247375273499
66836,1.152247375273499
66837,1.152247375273499
66838,1.152247375273499
66839,1.152247375273499
66851,1.152247375273499
66857,1.152247375273499
66865,1.152247375273499
66870,1.152247375273499
66872,1.152247375273499
66874,1.152247375273499
66902,1.2965389775030705
66908,1.152247375273499
66911,1.152247375273499
66919,1.152247375273499
66926,1.152247375273499
66954,1.152247375273499
66955,1.152247375273499
66956,1.152247375273499
66964,1.152247375273499
66982,1.152247375273499
66994,1.152247375273499
66999,1.152247375273499
67003,1.152247375273499
67011,1.152247375273499
67031,1.152247375273499
67032,1.152247375273499
67046,1.152247375273499
67048,1.152247375273499
67053,1.152247375273499
67058,1.152247375273499
67060,1.152247375273499
67066,1.152247375273499
67075,1.152247375273499
67087,1.152247375273499
67100,1.152247375273499
67115,1.152247375273499
67129,1.152247375273499
67160,1.152247375273499
67164,1.152247375273499
67171,1.152247375273499
67173,1.2965389775030705
67180,1.152247375273499
67181,1.152247375273499
67183,1.152247375273499
67189,1.152247375273499
67191,1.152247375273499
67193,1.152247375273499
67199,1.152247375273499
67204,1.152247375273499
67208,1.152247375273499
67214,1.152247375273499
67220,1.152247375273499
67228,1.152247375273499
67230,1.152247375273499
67232,1.152247375273499
67246,1.152247375273499
67259,1.152247375273499
67264,1.152247375273499
67266,1.152247375273499
67273,1.152247375273499
67276,1.152247375273499
67283,1.152247375273499
67285,1.152247375273499
67298,1.152247375273499
67312,1.152247375273499
67314,1.152247375273499
67318,1.152247375273499
67321,1.152247375273499
67329,1.152247375273499
67337,1.152247375273499
67338,1.152247375273499
67368,1.152247375273499
67381,1.152247375273499
67384,1.152247375273499
67399,1.152247375273499
67402,1.152247375273499
67414,1.2965389775030705
67422,1.152247375273499
67449,1.152247375273499
67455,1.152247375273499
67459,1.152247375273499
67470,1.152247375273499
67486,1.152247375273499
67493,1.152247375273499
67509,1.152247375273499
67530,1.152247375273499
67532,1.152247375273499
67534,1.152247375273499
67538,1.152247375273499
67540,1.152247375273499
67543,1.152247375273499
67552,1.152247375273499
67555,1.152247375273499
67560,1.152247375273499
67564,1.152247375273499
67585,1.152247375273499
67590,1.152247375273499
67616,1.152247375273499
67617,1.152247375273499
67635,1.152247375273499
67647,1.152247375273499
67658,1.152247375273499
67660,1.152247375273499
67661,1.152247375273499
67683,1.152247375273499
67703,1.152247375273499
67708,1.152247375273499
67713,1.152247375273499
67718,1.152247375273499
67730,1.152247375273499
67737,1.152247375273499
67752,1.152247375273499
67772,1.152247375273499
67773,1.152247375273499
67782,1.152247375273499
67783,1.152247375273499
67786,1.152247375273499
67791,1.152247375273499
67793,1.152247375273499
67798,1.152247375273499
67806,1.152247375273499
67809,1.152247375273499
67819,1.152247375273499
67822,1.152247375273499
67823,1.152247375273499
67828,1.152247375273499
67841,1.152247375273499
67863,1.152247375273499
67866,1.152247375273499
67872,1.152247375273499
67879,1.152247375273499
67889,1.152247375273499
67893,1.152247375273499
67902,1.152247375273499
67912,1.152247375273499
67917,1.152247375273499
67919,1.152247375273499
67924,1.152247375273499
67972,1.152247375273499
67979,1.152247375273499
67981,1.152247375273499
67986,1.152247375273499
68000,1.152247375273499
68004,1.152247375273499
68007,1.152247375273499
68009,1.152247375273499
68010,1.152247375273499
68027,1.152247375273499
68032,1.152247375273499
68038,1.152247375273499
68040,1.152247375273499
68075,1.152247375273499
68076,1.152247375273499
68112,1.152247375273499
68139,1.152247375273499
68144,1.2965389775030705
68145,1.152247375273499
68147,1.152247375273499
68155,1.152247375273499
68156,1.152247375273499
68181,1.152247375273499
68182,1.152247375273499
68186,1.152247375273499
68191,1.152247375273499
68201,1.152247375273499
68212,1.2965389775030705
68215,1.152247375273499
68245,1.152247375273499
68250,1.152247375273499
68263,1.152247375273499
68271,1.152247375273499
68275,1.152247375273499
68285,1.152247375273499
68287,1.152247375273499
68303,1.152247375273499
68305,1.152247375273499
68306,1.152247375273499
68311,1.2965389775030705
68312,1.152247375273499
68321,1.152247375273499
68338,1.152247375273499
68343,1.152247375273499
68344,1.152247375273499
68353,1.152247375273499
68364,1.152247375273499
68374,1.152247375273499
68377,1.152247375273499
68380,1.152247375273499
68387,1.152247375273499
68401,1.152247375273499
68408,1.152247375273499
68432,1.152247375273499
68434,1.152247375273499
68444,1.152247375273499
68475,1.152247375273499
68485,1.152247375273499
68497,1.152247375273499
68499,1.152247375273499
68501,1.152247375273499
68502,1.152247375273499
68518,1.152247375273499
68522,1.152247375273499
68571,1.152247375273499
68573,1.152247375273499
68580,1.152247375273499
68582,1.152247375273499
68589,1.152247375273499
68591,1.152247375273499
68592,1.152247375273499
68594,1.152247375273499
68601,1.152247375273499
68602,1.152247375273499
68618,1.152247375273499
68621,1.152247375273499
68640,1.152247375273499
68661,1.152247375273499
68662,1.2965389775030705
68663,1.152247375273499
68676,1.152247375273499
68694,1.152247375273499
68699,1.152247375273499
68702,1.152247375273499
68706,1.152247375273499
68708,1.152247375273499
68710,1.152247375273499
68711,1.152247375273499
68713,1.152247375273499
68714,1.152247375273499
68715,1.152247375273499
68744,1.152247375273499
68752,1.152247375273499
68784,1.152247375273499
68787,1.152247375273499
68789,1.152247375273499
68797,1.152247375273499
68803,1.152247375273499
68808,1.152247375273499
68828,1.152247375273499
68853,1.152247375273499
68857,1.152247375273499
68860,1.152247375273499
68871,1.152247375273499
68880,1.152247375273499
68892,1.152247375273499
68901,1.152247375273499
68906,1.152247375273499
68922,1.152247375273499
68924,1.152247375273499
68952,1.2965389775030705
68953,1.152247375273499
68956,1.152247375273499
68983,1.152247375273499
68991,1.152247375273499
68995,1.152247375273499
69011,1.152247375273499
69022,1.152247375273499
69037,1.152247375273499
69066,1.152247375273499
69097,1.152247375273499
69098,1.152247375273499
69103,1.152247375273499
69108,1.2965389775030705
69122,1.152247375273499
69123,1.152247375273499
69125,1.152247375273499
69130,1.152247375273499
69141,1.152247375273499
69161,1.152247375273499
69162,1.152247375273499
69168,1.152247375273499
69176,1.152247375273499
69198,1.152247375273499
69200,1.152247375273499
69207,1.152247375273499
69212,1.152247375273499
69223,1.152247375273499
69241,1.152247375273499
69245,1.152247375273499
69250,1.152247375273499
69264,1.152247375273499
69266,1.152247375273499
69276,1.152247375273499
69277,1.152247375273499
69279,1.152247375273499
69280,1.152247375273499
69286,1.152247375273499
69295,1.152247375273499
69305,1.152247375273499
69310,1.152247375273499
69322,1.152247375273499
69328,1.152247375273499
69339,1.152247375273499
69342,1.152247375273499
69348,1.152247375273499
69370,1.152247375273499
69389,1.152247375273499
69395,1.152247375273499
69404,1.152247375273499
69406,1.152247375273499
69411,1.152247375273499
69418,1.152247375273499
69421,1.152247375273499
69425,1.152247375273499
69426,1.152247375273499
69433,1.152247375273499
69446,1.152247375273499
69447,1.152247375273499
69454,1.152247375273499
69458,1.152247375273499
69459,1.152247375273499
69460,1.152247375273499
69473,1.152247375273499
69487,1.152247375273499
69491,1.2965389775030705
69492,1.152247375273499
69495,1.152247375273499
69497,1.152247375273499
69523,1.152247375273499
69527,1.152247375273499
69531,1.152247375273499
69535,1.152247375273499
69542,1.2965389775030705
69550,1.152247375273499
69591,1.152247375273499
69608,1.152247375273499
69613,1.152247375273499
69617,1.152247375273499
69621,1.152247375273499
69625,1.152247375273499
69626,1.152247375273499
69633,1.152247375273499
69634,1.152247375273499
69637,1.152247375273499
69640,1.152247375273499
69648,1.152247375273499
69649,1.152247375273499
69653,1.152247375273499
69654,1.152247375273499
69659,1.152247375273499
69669,1.152247375273499
69692,1.152247375273499
69693,1.152247375273499
69694,1.152247375273499
69713,1.152247375273499
69718,1.152247375273499
69721,1.152247375273499
69738,1.152247375273499
69746,1.152247375273499
69753,1.152247375273499
69759,1.152247375273499
69764,1.152247375273499
69773,1.152247375273499
69785,1.152247375273499
69793,1.152247375273499
69806,1.152247375273499
69838,1.152247375273499
69842,1.152247375273499
69852,1.152247375273499
69868,1.152247375273499
69888,1.152247375273499
69889,1.152247375273499
69900,1.152247375273499
69901,1.152247375273499
69902,1.152247375273499
69917,1.152247375273499
69962,1.152247375273499
69975,1.152247375273499
69983,1.152247375273499
69984,1.152247375273499
69988,1.152247375273499
69992,1.152247375273499
69994,1.152247375273499
70004,1.152247375273499
70013,1.152247375273499
70043,1.152247375273499
70055,1.152247375273499
70063,1.152247375273499
70066,1.152247375273499
70078,1.152247375273499
70080,1.152247375273499
70102,1.152247375273499
70103,1.152247375273499
70118,1.152247375273499
70125,1.152247375273499
70132,1.152247375273499
70144,1.152247375273499
70145,1.152247375273499
70147,1.152247375273499
70158,1.152247375273499
70163,1.152247375273499
70166,1.152247375273499
70167,1.152247375273499
70168,1.152247375273499
70177,1.152247375273499
70196,1.152247375273499
70228,1.152247375273499
70237,1.152247375273499
70248,1.152247375273499
70254,1.152247375273499
70261,1.152247375273499
70275,1.152247375273499
70286,1.152247375273499
70290,1.152247375273499
70300,1.152247375273499
70303,1.152247375273499
70326,1.152247375273499
70328,1.152247375273499
70330,1.152247375273499
70333,1.152247375273499
70354,1.152247375273499
70357,1.152247375273499
70358,1.152247375273499
70359,1.152247375273499
70363,1.152247375273499
70386,1.152247375273499
70388,1.152247375273499
70408,1.152247375273499
70409,1.152247375273499
70429,1.152247375273499
70438,1.152247375273499
70439,1.152247375273499
70447,1.152247375273499
70448,1.152247375273499
70458,1.152247375273499
70464,1.152247375273499
70482,1.152247375273499
70484,1.152247375273499
70498,1.152247375273499
70499,1.152247375273499
70507,1.152247375273499
70511,1.152247375273499
70521,1.152247375273499
70525,1.152247375273499
70533,1.152247375273499
70561,1.152247375273499
70574,1.152247375273499
70583,1.152247375273499
70584,1.152247375273499
70596,1.152247375273499
70603,1.152247375273499
70611,1.152247375273499
70622,1.152247375273499
70628,1.152247375273499
70636,1.152247375273499
70653,1.152247375273499
70675,1.152247375273499
70687,1.152247375273499
70688,1.152247375273499
70711,1.152247375273499
70717,1.152247375273499
70736,1.152247375273499
70751,1.152247375273499
70759,1.152247375273499
70766,1.152247375273499
70769,1.152247375273499
70776,1.152247375273499
70779,1.152247375273499
70785,1.152247375273499
70833,1.152247375273499
70837,1.152247375273499
70838,1.152247375273499
70852,1.152247375273499
70863,1.152247375273499
70883,1.152247375273499
70886,1.152247375273499
70896,1.152247375273499
70908,1.152247375273499
70913,1.152247375273499
70933,1.152247375273499
70939,1.152247375273499
70959,1.152247375273499
70969,1.152247375273499
70978,1.152247375273499
70984,1.152247375273499
70995,1.152247375273499
71012,1.152247375273499
71015,1.152247375273499
71021,1.152247375273499
71026,1.152247375273499
71038,1.152247375273499
71039,1.152247375273499
71046,1.152247375273499
71049,1.152247375273499
71053,1.152247375273499
71058,1.152247375273499
71069,1.152247375273499
71079,1.152247375273499
71097,1.152247375273499
71102,1.152247375273499
71113,1.152247375273499
71120,1.152247375273499
71129,1.152247375273499
71131,1.152247375273499
71143,1.152247375273499
71146,1.152247375273499
71159,1.152247375273499
71171,1.152247375273499
71184,1.152247375273499
71185,1.152247375273499
71197,1.152247375273499
71201,1.152247375273499
71204,1.152247375273499
71212,1.152247375273499
71240,1.152247375273499
71246,1.152247375273499
71258,1.152247375273499
71260,1.152247375273499
71274,1.152247375273499
71288,1.152247375273499
71291,1.152247375273499
71321,1.152247375273499
71336,1.152247375273499
71339,1.152247375273499
71340,1.152247375273499
71342,1.152247375273499
71348,1.152247375273499
71362,1.152247375273499
71364,1.152247375273499
71368,1.152247375273499
71372,1.152247375273499
71375,1.152247375273499
71381,1.152247375273499
71393,1.152247375273499
71397,1.152247375273499
71398,1.152247375273499
71399,1.152247375273499
71432,1.152247375273499
71441,1.152247375273499
71459,1.152247375273499
71460,1.152247375273499
71467,1.152247375273499
71475,1.152247375273499
71478,1.152247375273499
71481,1.152247375273499
71496,1.152247375273499
71502,1.152247375273499
71503,1.152247375273499
71504,1.152247375273499
71521,1.152247375273499
71527,1.152247375273499
71529,1.152247375273499
71532,1.152247375273499
71534,1.152247375273499
71549,1.152247375273499
71554,1.152247375273499
71560,1.152247375273499
71565,1.152247375273499
71567,1.152247375273499
71581,1.152247375273499
71597,1.152247375273499
71605,1.152247375273499
71611,1.152247375273499
71622,1.152247375273499
71625,1.152247375273499
71626,1.152247375273499
71650,1.152247375273499
71651,1.152247375273499
71654,1.152247375273499
71656,1.152247375273499
71666,1.152247375273499
71668,1.152247375273499
71676,1.152247375273499
71689,1.152247375273499
71708,1.152247375273499
71710,1.152247375273499
71751,1.152247375273499
71769,1.152247375273499
71800,1.152247375273499
71802,1.152247375273499
71810,1.152247375273499
71813,1.152247375273499
71831,1.152247375273499
71832,1.152247375273499
71844,1.152247375273499
71847,1.152247375273499
71855,1.152247375273499
71856,1.152247375273499
71857,1.152247375273499
71875,1.152247375273499
71885,1.152247375273499
71886,1.152247375273499
71891,1.152247375273499
71908,1.152247375273499
73564,1.152247375273499
73568,1.152247375273499
73579,1.152247375273499
73581,1.152247375273499
73600,1.152247375273499
73603,1.152247375273499
73605,1.152247375273499
73616,1.152247375273499
73622,1.152247375273499
73638,1.152247375273499
73642,1.152247375273499
73647,1.152247375273499
73654,1.152247375273499
73660,1.152247375273499
73661,1.152247375273499
73663,1.152247375273499
73667,1.152247375273499
73672,1.152247375273499
73677,1.152247375273499
73680,1.152247375273499
73684,1.152247375273499
73688,1.152247375273499
73693,1.2965389775030705
73706,1.152247375273499
73715,1.152247375273499
73729,1.152247375273499
73735,1.152247375273499
73747,1.2965389775030705
73757,1.152247375273499
73760,1.152247375273499
73765,1.152247375273499
73767,1.152247375273499
73787,1.152247375273499
73790,1.152247375273499
73792,1.152247375273499
73797,1.2965389775030705
73801,1.152247375273499
73820,1.152247375273499
73831,1.152247375273499
73835,1.152247375273499
73841,1.152247375273499
73843,1.152247375273499
73846,1.152247375273499
73866,1.152247375273499
73880,1.152247375273499
73887,1.152247375273499
73899,1.152247375273499
73902,1.152247375273499
73904,1.152247375273499
73916,1.152247375273499
73925,1.152247375273499
73930,1.152247375273499
73938,1.152247375273499
73952,1.152247375273499
73958,1.152247375273499
73971,1.152247375273499
73982,1.152247375273499
73990,1.152247375273499
73992,1.152247375273499
73993,1.152247375273499
73998,1.152247375273499
73999,1.152247375273499
74002,1.152247375273499
74003,1.152247375273499
74005,1.152247375273499
74007,1.152247375273499
74010,1.152247375273499
74011,1.152247375273499
74017,1.152247375273499
74018,1.152247375273499
74019,1.152247375273499
74032,1.152247375273499
74038,1.152247375273499
74049,1.152247375273499
74054,1.152247375273499
74056,1.152247375273499
74057,1.152247375273499
74058,1.152247375273499
74059,1.152247375273499
74065,1.152247375273499
74077,1.152247375273499
74085,1.152247375273499
74087,1.152247375273499
74110,1.152247375273499
74116,1.152247375273499
74120,1.152247375273499
74124,1.152247375273499
74126,1.152247375273499
74147,1.152247375273499
74150,1.152247375273499
74164,1.152247375273499
74172,1.152247375273499
74195,1.152247375273499
74231,1.152247375273499
74232,1.152247375273499
74251,1.152247375273499
74252,1.152247375273499
74264,1.152247375273499
74268,1.152247375273499
74273,1.152247375273499
74290,1.152247375273499
74293,1.152247375273499
74295,1.152247375273499
74296,1.152247375273499
74302,1.152247375273499
74331,1.152247375273499
74332,1.152247375273499
74346,1.152247375273499
74375,1.152247375273499
74379,1.152247375273499
74386,1.152247375273499
74396,1.152247375273499
74408,1.152247375273499
74415,1.152247375273499
74417,1.152247375273499
74418,1.152247375273499
74421,1.152247375273499
74425,1.152247375273499
74435,1.152247375273499
74437,1.152247375273499
74449,1.152247375273499
74455,1.152247375273499
74459,1.152247375273499
74464,1.152247375273499
74479,1.152247375273499
74499,1.152247375273499
74504,1.152247375273499
74507,1.152247375273499
74511,1.152247375273499
74523,1.152247375273499
74524,1.152247375273499
74529,1.152247375273499
74539,1.152247375273499
74542,1.152247375273499
74549,1.152247375273499
74563,1.152247375273499
74570,1.152247375273499
74571,1.152247375273499
74575,1.152247375273499
74583,1.152247375273499
74600,1.152247375273499
74605,1.152247375273499
74608,1.152247375273499
74609,1.152247375273499
74612,1.152247375273499
74617,1.152247375273499
74623,1.152247375273499
74624,1.152247375273499
74628,1.152247375273499
74638,1.152247375273499
74640,1.152247375273499
74642,1.152247375273499
74654,1.152247375273499
74670,1.152247375273499
74672,1.152247375273499
74675,1.152247375273499
74682,1.152247375273499
74686,1.152247375273499
74695,1.152247375273499
74704,1.152247375273499
74705,1.152247375273499
74723,1.152247375273499
74732,1.152247375273499
74733,1.152247375273499
74742,1.152247375273499
74747,1.152247375273499
74751,1.152247375273499
74765,1.152247375273499
74778,1.152247375273499
74782,1.152247375273499
74786,1.152247375273499
74795,1.152247375273499
74800,1.152247375273499
74816,1.152247375273499
74817,1.152247375273499
74823,1.152247375273499
74832,1.152247375273499
74855,1.152247375273499
74860,1.152247375273499
74880,1.152247375273499
74886,1.152247375273499
74893,1.152247375273499
74895,1.152247375273499
74901,1.152247375273499
74909,1.152247375273499
74910,1.2965389775030705
74919,1.152247375273499
74934,1.152247375273499
74955,1.152247375273499
74963,1.152247375273499
74969,1.152247375273499
74971,1.152247375273499
74972,1.152247375273499
74985,1.152247375273499
74992,1.152247375273499
74997,1.152247375273499
75011,1.152247375273499
75013,1.152247375273499
75033,1.152247375273499
75041,1.152247375273499
75042,1.152247375273499
75058,1.152247375273499
75061,1.152247375273499
75065,1.152247375273499
75066,1.152247375273499
75069,1.152247375273499
75082,1.152247375273499
75098,1.152247375273499
75099,1.152247375273499
75101,1.152247375273499
75105,1.152247375273499
75111,1.152247375273499
75112,1.152247375273499
75114,1.152247375273499
75118,1.152247375273499
75125,1.152247375273499
75137,1.152247375273499
75143,1.152247375273499
75161,1.152247375273499
75166,1.152247375273499
75178,1.152247375273499
75185,1.152247375273499
75190,1.152247375273499
75191,1.2965389775030705
75196,1.152247375273499
75212,1.152247375273499
75220,1.152247375273499
75223,1.152247375273499
75238,1.152247375273499
75244,1.152247375273499
75248,1.152247375273499
75252,1.152247375273499
75257,1.152247375273499
75264,1.152247375273499
75273,1.152247375273499
75274,1.2965389775030705
75303,1.152247375273499
75325,1.152247375273499
75330,1.152247375273499
75335,1.152247375273499
75339,1.152247375273499
75350,1.152247375273499
75362,1.152247375273499
75364,1.152247375273499
75399,1.152247375273499
75403,1.152247375273499
75404,1.152247375273499
75413,1.152247375273499
75425,1.152247375273499
75443,1.152247375273499
75451,1.152247375273499
75463,1.152247375273499
75468,1.152247375273499
75473,1.152247375273499
75476,1.2965389775030705
75481,1.152247375273499
75486,1.152247375273499
75492,1.152247375273499
75502,1.152247375273499
75505,1.152247375273499
75506,1.152247375273499
75512,1.152247375273499
75513,1.152247375273499
75515,1.152247375273499
75531,1.152247375273499
75532,1.152247375273499
75534,1.152247375273499
75550,1.152247375273499
75553,1.152247375273499
75557,1.152247375273499
75572,1.152247375273499
75573,1.2965389775030705
75581,1.152247375273499
75592,1.152247375273499
75602,1.152247375273499
75609,1.152247375273499
75610,1.152247375273499
75612,1.152247375273499
75618,1.152247375273499
75636,1.152247375273499
75641,1.152247375273499
75648,1.152247375273499
75653,1.152247375273499
75660,1.152247375273499
75662,1.152247375273499
75669,1.152247375273499
75684,1.152247375273499
75685,1.152247375273499
75686,1.152247375273499
75690,1.152247375273499
75691,1.152247375273499
75698,1.152247375273499
75704,1.152247375273499
75721,1.152247375273499
75742,1.152247375273499
75751,1.152247375273499
75760,1.152247375273499
75766,1.152247375273499
75769,1.152247375273499
75781,1.152247375273499
75789,1.152247375273499
75820,1.152247375273499
75822,1.152247375273499
75824,1.152247375273499
75837,1.152247375273499
75872,1.152247375273499
75882,1.152247375273499
75895,1.152247375273499
75896,1.152247375273499
75901,1.152247375273499
75906,1.152247375273499
75910,1.152247375273499
75925,1.152247375273499
75937,1.152247375273499
75956,1.152247375273499
75966,1.152247375273499
75970,1.152247375273499
75973,1.152247375273499
75985,1.152247375273499
75986,1.152247375273499
75991,1.152247375273499
76006,1.152247375273499
76015,1.152247375273499
76018,1.152247375273499
76023,1.152247375273499
76038,1.152247375273499
76045,1.152247375273499
76046,1.152247375273499
76048,1.152247375273499
76059,1.152247375273499
76069,1.152247375273499
76074,1.152247375273499
76078,1.152247375273499
76081,1.152247375273499
76086,1.152247375273499
76088,1.152247375273499
76108,1.152247375273499
76129,1.152247375273499
76132,1.152247375273499
76140,1.152247375273499
76154,1.152247375273499
76159,1.152247375273499
76164,1.152247375273499
76170,1.152247375273499
76172,1.152247375273499
76179,1.152247375273499
76187,1.152247375273499
76191,1.152247375273499
76193,1.152247375273499
76195,1.152247375273499
76204,1.152247375273499
76206,1.152247375273499
76210,1.152247375273499
76215,1.152247375273499
76216,1.152247375273499
76217,1.152247375273499
76231,1.152247375273499
76241,1.152247375273499
76242,1.152247375273499
76244,1.152247375273499
76252,1.152247375273499
76261,1.152247375273499
76264,1.152247375273499
76270,1.152247375273499
76271,1.152247375273499
76279,1.152247375273499
76288,1.152247375273499
76290,1.152247375273499
76294,1.152247375273499
76296,1.152247375273499
76302,1.152247375273499
76305,1.152247375273499
76316,1.152247375273499
76325,1.152247375273499
76342,1.152247375273499
76349,1.152247375273499
76371,1.152247375273499
76373,1.152247375273499
76375,1.152247375273499
76387,1.152247375273499
76398,1.152247375273499
76425,1.152247375273499
76437,1.152247375273499
76440,1.152247375273499
76451,1.152247375273499
76453,1.152247375273499
76458,1.152247375273499
76461,1.152247375273499
76464,1.152247375273499
76465,1.152247375273499
76477,1.152247375273499
76481,1.152247375273499
76491,1.2965389775030705
76505,1.152247375273499
76512,1.152247375273499
76515,1.152247375273499
76525,1.152247375273499
76527,1.152247375273499
76529,1.152247375273499
76539,1.152247375273499
76547,1.152247375273499
76558,1.152247375273499
76574,1.152247375273499
76580,1.152247375273499
76583,1.152247375273499
76584,1.152247375273499
76611,1.152247375273499
76613,1.152247375273499
76614,1.152247375273499
76622,1.152247375273499
76633,1.152247375273499
76637,1.152247375273499
76639,1.152247375273499
76642,1.152247375273499
76643,1.152247375273499
76654,1.152247375273499
76670,1.152247375273499
76674,1.152247375273499
76677,1.152247375273499
76680,1.152247375273499
76683,1.152247375273499
76687,1.152247375273499
76702,1.152247375273499
76714,1.152247375273499
76719,1.152247375273499
76720,1.152247375273499
76734,1.2965389775030705
76736,1.2965389775030705
76742,1.152247375273499
76753,1.152247375273499
76754,1.152247375273499
76758,1.152247375273499
76764,1.152247375273499
76796,1.152247375273499
76807,1.152247375273499
76809,1.152247375273499
76821,1.152247375273499
76826,1.152247375273499
76829,1.152247375273499
76834,1.2965389775030705
76840,1.152247375273499
76845,1.152247375273499
76846,1.152247375273499
76854,1.152247375273499
76884,1.152247375273499
76886,1.152247375273499
76902,1.152247375273499
76904,1.152247375273499
76918,1.152247375273499
76920,1.152247375273499
76937,1.152247375273499
76949,1.152247375273499
76954,1.152247375273499
76956,1.152247375273499
76965,1.152247375273499
76966,1.152247375273499
76969,1.152247375273499
77004,1.152247375273499
77017,1.152247375273499
77020,1.152247375273499
77021,1.152247375273499
77026,1.152247375273499
77032,1.152247375273499
77033,1.152247375273499
77040,1.152247375273499
77047,1.152247375273499
77051,1.152247375273499
77067,1.152247375273499
77070,1.152247375273499
77071,1.152247375273499
77080,1.152247375273499
77082,1.152247375273499
77094,1.152247375273499
77101,1.152247375273499
77102,1.152247375273499
77103,1.152247375273499
77104,1.152247375273499
77116,1.152247375273499
77144,1.152247375273499
77150,1.152247375273499
77151,1.152247375273499
77160,1.152247375273499
77170,1.152247375273499
77174,1.152247375273499
77176,1.152247375273499
77177,1.152247375273499
77178,1.152247375273499
77187,1.152247375273499
77199,1.152247375273499
77206,1.2965389775030705
77207,1.152247375273499
77212,1.152247375273499
77213,1.152247375273499
77241,1.152247375273499
77254,1.152247375273499
77256,1.152247375273499
77262,1.152247375273499
77279,1.152247375273499
77280,1.152247375273499
77285,1.152247375273499
77290,1.152247375273499
77298,1.152247375273499
77302,1.152247375273499
77314,1.152247375273499
77320,1.152247375273499
77325,1.152247375273499
77331,1.152247375273499
77337,1.152247375273499
77340,1.152247375273499
77346,1.152247375273499
77350,1.152247375273499
77362,1.152247375273499
77370,1.152247375273499
77380,1.152247375273499
77391,1.152247375273499
77392,1.152247375273499
77398,1.152247375273499
77399,1.152247375273499
77400,1.152247375273499
77405,1.152247375273499
77407,1.152247375273499
77417,1.152247375273499
77431,1.152247375273499
77436,1.152247375273499
77440,1.152247375273499
77446,1.152247375273499
77448,1.152247375273499
77456,1.2965389775030705
77460,1.152247375273499
77461,1.152247375273499
77466,1.152247375273499
77471,1.152247375273499
77484,1.152247375273499
77489,1.152247375273499
77492,1.152247375273499
77516,1.152247375273499
77521,1.152247375273499
77522,1.152247375273499
77532,1.152247375273499
77538,1.152247375273499
77539,1.152247375273499
77550,1.152247375273499
77571,1.152247375273499
77575,1.152247375273499
77585,1.152247375273499
77602,1.152247375273499
77606,1.152247375273499
77618,1.152247375273499
77620,1.152247375273499
77625,1.152247375273499
77626,1.152247375273499
77645,1.152247375273499
77646,1.152247375273499
77655,1.152247375273499
77657,1.152247375273499
77659,1.152247375273499
77664,1.152247375273499
77670,1.152247375273499
77680,1.152247375273499
77691,1.152247375273499
77705,1.152247375273499
77718,1.152247375273499
77722,1.152247375273499
77723,1.152247375273499
77742,1.152247375273499
77750,1.152247375273499
77758,1.152247375273499
77766,1.152247375273499
77769,1.152247375273499
77777,1.152247375273499
77778,1.152247375273499
77779,1.2965389775030705
77781,1.152247375273499
77791,1.152247375273499
77796,1.152247375273499
77802,1.152247375273499
77807,1.152247375273499
77815,1.152247375273499
77827,1.152247375273499
77837,1.152247375273499
77838,1.152247375273499
77844,1.152247375273499
77853,1.152247375273499
77855,1.152247375273499
77860,1.152247375273499
77861,1.2965389775030705
77866,1.152247375273499
77870,1.152247375273499
77875,1.152247375273499
77878,1.152247375273499
77880,1.152247375273499
77888,1.152247375273499
77891,1.152247375273499
77893,1.152247375273499
77895,1.152247375273499
77897,1.152247375273499
77900,1.152247375273499
77905,1.152247375273499
77908,1.152247375273499
77940,1.152247375273499
77942,1.152247375273499
77950,1.152247375273499
77952,1.152247375273499
77968,1.2965389775030705
77970,1.152247375273499
77972,1.152247375273499
77976,1.152247375273499
77989,1.152247375273499
77992,1.152247375273499
78002,1.2965389775030705
78004,1.152247375273499
78012,1.152247375273499
78013,1.152247375273499
78020,1.152247375273499
78025,1.152247375273499
78028,1.152247375273499
78034,1.152247375273499
78047,1.152247375273499
78048,1.152247375273499
78050,1.152247375273499
78051,1.152247375273499
78064,1.152247375273499
78065,1.152247375273499
78073,1.152247375273499
78079,1.152247375273499
78085,1.152247375273499
78104,1.152247375273499
78109,1.152247375273499
78113,1.152247375273499
78121,1.152247375273499
78130,1.152247375273499
78138,1.152247375273499
78142,1.152247375273499
78145,1.152247375273499
78146,1.152247375273499
78153,1.152247375273499
78167,1.152247375273499
78177,1.152247375273499
78180,1.152247375273499
78183,1.152247375273499
78185,1.152247375273499
78200,1.152247375273499
78201,1.152247375273499
78209,1.152247375273499
78213,1.152247375273499
78226,1.152247375273499
78245,1.152247375273499
78251,1.152247375273499
78268,1.152247375273499
78275,1.2965389775030705
78280,1.152247375273499
78282,1.152247375273499
78283,1.152247375273499
78297,1.152247375273499
78301,1.152247375273499
78307,1.152247375273499
78321,1.152247375273499
78327,1.152247375273499
78334,1.152247375273499
78351,1.152247375273499
78368,1.152247375273499
78375,1.152247375273499
78379,1.152247375273499
78395,1.152247375273499
78430,1.152247375273499
78432,1.152247375273499
78438,1.152247375273499
78447,1.152247375273499
78464,1.152247375273499
78468,1.152247375273499
78489,1.152247375273499
78504,1.152247375273499
78510,1.2965389775030705
78512,1.152247375273499
78526,1.152247375273499
78529,1.152247375273499
78535,1.152247375273499
78566,1.152247375273499
78572,1.152247375273499
78575,1.152247375273499
78579,1.152247375273499
78615,1.152247375273499
78620,1.152247375273499
78621,1.152247375273499
78634,1.152247375273499
78638,1.152247375273499
78640,1.152247375273499
78651,1.152247375273499
78664,1.152247375273499
78674,1.152247375273499
78677,1.152247375273499
78700,1.152247375273499
78714,1.152247375273499
78715,1.152247375273499
78727,1.152247375273499
78741,1.152247375273499
78746,1.152247375273499
78750,1.152247375273499
78762,1.152247375273499
78764,1.152247375273499
78766,1.152247375273499
78772,1.152247375273499
78776,1.152247375273499
78785,1.152247375273499
78789,1.152247375273499
78791,1.152247375273499
78801,1.152247375273499
78806,1.152247375273499
78815,1.152247375273499
78819,1.152247375273499
78821,1.152247375273499
78829,1.152247375273499
78833,1.152247375273499
78836,1.152247375273499
78854,1.152247375273499
78865,1.152247375273499
78870,1.152247375273499
78874,1.152247375273499
78875,1.152247375273499
78883,1.152247375273499
78885,1.152247375273499
78889,1.152247375273499
78903,1.152247375273499
78905,1.152247375273499
78906,1.152247375273499
78907,1.152247375273499
78912,1.152247375273499
78919,1.152247375273499
78921,1.152247375273499
78922,1.152247375273499
78931,1.152247375273499
78932,1.152247375273499
78935,1.152247375273499
78937,1.152247375273499
78949,1.152247375273499
78967,1.152247375273499
78968,1.152247375273499
78981,1.152247375273499
78999,1.152247375273499
79007,1.152247375273499
79019,1.152247375273499
79031,1.152247375273499
79036,1.152247375273499
79041,1.152247375273499
79044,1.152247375273499
79058,1.152247375273499
79059,1.152247375273499
79063,1.152247375273499
79064,1.152247375273499
79066,1.152247375273499
79067,1.152247375273499
79077,1.152247375273499
79094,1.152247375273499
79114,1.152247375273499
79137,1.152247375273499
79138,1.152247375273499
79139,1.152247375273499
79142,1.152247375273499
79147,1.152247375273499
79161,1.152247375273499
79171,1.152247375273499
79181,1.152247375273499
79186,1.152247375273499
79195,1.152247375273499
79213,1.152247375273499
79218,1.152247375273499
79223,1.152247375273499
79240,1.152247375273499
79243,1.152247375273499
79265,1.152247375273499
79267,1.152247375273499
79271,1.152247375273499
79286,1.152247375273499
79295,1.152247375273499
79304,1.152247375273499
79306,1.152247375273499
79314,1.152247375273499
79318,1.152247375273499
79319,1.152247375273499
79320,1.152247375273499
79329,1.152247375273499
79341,1.152247375273499
79352,1.152247375273499
79365,1.152247375273499
79374,1.152247375273499
79376,1.152247375273499
79379,1.152247375273499
79388,1.152247375273499
79396,1.2965389775030705
79398,1.152247375273499
79399,1.152247375273499
79421,1.152247375273499
79432,1.152247375273499
79434,1.2965389775030705
79437,1.152247375273499
79440,1.152247375273499
79442,1.152247375273499
79449,1.152247375273499
79457,1.152247375273499
79463,1.152247375273499
79464,1.152247375273499
79468,1.152247375273499
79476,1.152247375273499
79482,1.152247375273499
79490,1.152247375273499
79491,1.152247375273499
79493,1.152247375273499
79501,1.152247375273499
79522,1.2965389775030705
79525,1.152247375273499
79543,1.152247375273499
79554,1.152247375273499
79557,1.152247375273499
79564,1.152247375273499
79572,1.152247375273499
79575,1.152247375273499
79589,1.152247375273499
79591,1.2965389775030705
79610,1.152247375273499
79611,1.152247375273499
79615,1.152247375273499
79618,1.152247375273499
79629,1.152247375273499
79636,1.152247375273499
79658,1.152247375273499
79659,1.152247375273499
79660,1.152247375273499
79671,1.152247375273499
79674,1.152247375273499
79675,1.152247375273499
79707,1.152247375273499
79708,1.152247375273499
79710,1.152247375273499
79720,1.152247375273499
79729,1.152247375273499
79734,1.152247375273499
79741,1.152247375273499
79742,1.152247375273499
79748,1.152247375273499
79758,1.152247375273499
79773,1.152247375273499
79788,1.152247375273499
79794,1.152247375273499
79798,1.152247375273499
79799,1.152247375273499
79809,1.152247375273499
79810,1.152247375273499
79820,1.152247375273499
79822,1.152247375273499
79823,1.152247375273499
79840,1.152247375273499
79841,1.152247375273499
79863,1.152247375273499
79870,1.152247375273499
79881,1.152247375273499
79887,1.152247375273499
79889,1.152247375273499
79894,1.152247375273499
79896,1.152247375273499
79899,1.152247375273499
79902,1.152247375273499
79904,1.152247375273499
79908,1.152247375273499
79913,1.152247375273499
79918,1.152247375273499
79925,1.152247375273499
79934,1.152247375273499
79952,1.152247375273499
79977,1.152247375273499
79980,1.152247375273499
80007,1.152247375273499
80015,1.152247375273499
80017,1.152247375273499
80020,1.152247375273499
80025,1.152247375273499
80036,1.152247375273499
80037,1.152247375273499
80047,1.152247375273499
80048,1.152247375273499
80053,1.152247375273499
80055,1.152247375273499
80056,1.152247375273499
80057,1.152247375273499
80059,1.152247375273499
80066,1.152247375273499
80067,1.152247375273499
80089,1.152247375273499
80095,1.152247375273499
80103,1.152247375273499
80109,1.2965389775030705
80123,1.152247375273499
80128,1.152247375273499
80130,1.152247375273499
80133,1.152247375273499
80136,1.152247375273499
80166,1.152247375273499
80169,1.152247375273499
80170,1.152247375273499
80188,1.152247375273499
80196,1.152247375273499
80201,1.152247375273499
80220,1.152247375273499
80226,1.152247375273499
80231,1.152247375273499
80244,1.2965389775030705
80249,1.152247375273499
80263,1.152247375273499
80273,1.152247375273499
80281,1.152247375273499
80285,1.152247375273499
80288,1.152247375273499
80301,1.152247375273499
80303,1.152247375273499
80304,1.152247375273499
80334,1.152247375273499
80336,1.152247375273499
80339,1.152247375273499
80345,1.152247375273499
80351,1.152247375273499
80354,1.152247375273499
80356,1.152247375273499
80360,1.152247375273499
80363,1.152247375273499
80380,1.152247375273499
80393,1.152247375273499
80416,1.152247375273499
80417,1.152247375273499
80441,1.152247375273499
80453,1.152247375273499
80469,1.152247375273499
80479,1.152247375273499
80480,1.152247375273499
80484,1.152247375273499
80486,1.152247375273499
80491,1.152247375273499
80493,1.152247375273499
80498,1.152247375273499
80513,1.152247375273499
80519,1.152247375273499
80524,1.152247375273499
80525,1.152247375273499
80526,1.152247375273499
80528,1.152247375273499
80534,1.152247375273499
80537,1.152247375273499
80538,1.152247375273499
80539,1.152247375273499
80542,1.152247375273499
80543,1.152247375273499
80552,1.152247375273499
80559,1.152247375273499
80560,1.152247375273499
80561,1.152247375273499
80563,1.152247375273499
80569,1.152247375273499
80570,1.152247375273499
80575,1.152247375273499
80585,1.152247375273499
80590,1.152247375273499
80592,1.152247375273499
80596,1.152247375273499
80603,1.2965389775030705
80604,1.152247375273499
80611,1.152247375273499
80618,1.152247375273499
80623,1.152247375273499
80627,1.152247375273499
80633,1.152247375273499
80641,1.152247375273499
80648,1.152247375273499
80649,1.152247375273499
80657,1.152247375273499
80680,1.152247375273499
80692,1.152247375273499
80694,1.152247375273499
80699,1.152247375273499
80701,1.152247375273499
80706,1.152247375273499
80714,1.152247375273499
80717,1.152247375273499
80727,1.152247375273499
80735,1.152247375273499
80738,1.152247375273499
80740,1.152247375273499
80745,1.152247375273499
80754,1.152247375273499
80783,1.152247375273499
80788,1.152247375273499
80793,1.152247375273499
80798,1.152247375273499
80816,1.152247375273499
80817,1.152247375273499
80828,1.152247375273499
80847,1.152247375273499
80851,1.152247375273499
80879,1.152247375273499
80883,1.152247375273499
80909,1.152247375273499
80915,1.152247375273499
80917,1.152247375273499
80922,1.152247375273499
80928,1.152247375273499
80930,1.152247375273499
80938,1.152247375273499
80981,1.152247375273499
80989,1.152247375273499
81004,1.152247375273499
81019,1.152247375273499
81020,1.152247375273499
81023,1.2965389775030705
81026,1.2965389775030705
81037,1.152247375273499
81041,1.152247375273499
81043,1.152247375273499
81048,1.152247375273499
81049,1.152247375273499
81050,1.152247375273499
81051,1.152247375273499
81056,1.152247375273499
81068,1.152247375273499
81072,1.152247375273499
81074,1.152247375273499
81076,1.152247375273499
81080,1.152247375273499
81095,1.152247375273499
81107,1.152247375273499
81108,1.152247375273499
81124,1.152247375273499
81135,1.152247375273499
81142,1.152247375273499
81149,1.152247375273499
81151,1.152247375273499
81153,1.152247375273499
81161,1.152247375273499
81168,1.152247375273499
81169,1.152247375273499
81173,1.152247375273499
81203,1.152247375273499
81207,1.152247375273499
81213,1.152247375273499
81217,1.152247375273499
81219,1.152247375273499
81222,1.152247375273499
81224,1.152247375273499
81235,1.152247375273499
81237,1.152247375273499
81247,1.152247375273499
81250,1.152247375273499
81259,1.152247375273499
81266,1.152247375273499
81267,1.152247375273499
81269,1.2965389775030705
81275,1.152247375273499
81276,1.152247375273499
81288,1.152247375273499
81300,1.152247375273499
81313,1.152247375273499
81329,1.152247375273499
81344,1.152247375273499
81349,1.152247375273499
81353,1.152247375273499
81364,1.152247375273499
81374,1.152247375273499
81375,1.152247375273499
81382,1.152247375273499
81385,1.152247375273499
81389,1.152247375273499
81408,1.152247375273499
81413,1.152247375273499
81430,1.152247375273499
81447,1.152247375273499
81465,1.152247375273499
81474,1.152247375273499
81477,1.152247375273499
81481,1.152247375273499
81496,1.152247375273499
81502,1.152247375273499
81506,1.152247375273499
81512,1.152247375273499
81518,1.152247375273499
81526,1.152247375273499
81533,1.152247375273499
81538,1.152247375273499
81541,1.152247375273499
81545,1.152247375273499
81550,1.152247375273499
81557,1.152247375273499
81579,1.152247375273499
81594,1.152247375273499
81601,1.152247375273499
81603,1.152247375273499
81608,1.152247375273499
81614,1.152247375273499
81630,1.152247375273499
81633,1.152247375273499
81642,1.152247375273499
81656,1.152247375273499
81664,1.152247375273499
81676,1.152247375273499
81677,1.152247375273499
81685,1.152247375273499
81711,1.152247375273499
81738,1.152247375273499
81754,1.152247375273499
81781,1.152247375273499
81783,1.152247375273499
81785,1.2965389775030705
81795,1.152247375273499
81798,1.152247375273499
81815,1.152247375273499
81816,1.152247375273499
81820,1.152247375273499
81828,1.152247375273499
81829,1.152247375273499
81830,1.152247375273499
81836,1.152247375273499
81846,1.152247375273499
81853,1.152247375273499
81858,1.152247375273499
81865,1.152247375273499
81872,1.152247375273499
81887,1.152247375273499
81894,1.152247375273499
81899,1.152247375273499
81907,1.152247375273499
81911,1.152247375273499
81914,1.152247375273499
81920,1.152247375273499
81923,1.152247375273499
81929,1.152247375273499
81935,1.152247375273499
81943,1.152247375273499
81952,1.152247375273499
81955,1.152247375273499
81966,1.152247375273499
81968,1.152247375273499
81974,1.152247375273499
81980,1.152247375273499
81985,1.152247375273499
81989,1.152247375273499
81992,1.152247375273499
81997,1.152247375273499
82007,1.152247375273499
82017,1.152247375273499
82020,1.152247375273499
82021,1.152247375273499
82023,1.152247375273499
82025,1.152247375273499
82034,1.152247375273499
82041,1.152247375273499
82051,1.152247375273499
82057,1.152247375273499
82067,1.152247375273499
82070,1.152247375273499
82072,1.152247375273499
82075,1.152247375273499
82077,1.152247375273499
82085,1.152247375273499
82086,1.152247375273499
82098,1.152247375273499
82112,1.152247375273499
82113,1.152247375273499
82126,1.152247375273499
82143,1.152247375273499
82144,1.152247375273499
82148,1.152247375273499
82154,1.152247375273499
82161,1.152247375273499
82162,1.152247375273499
82164,1.152247375273499
82170,1.152247375273499
82172,1.152247375273499
82176,1.152247375273499
82177,1.152247375273499
82181,1.152247375273499
82184,1.152247375273499
82189,1.152247375273499
82190,1.152247375273499
82191,1.2965389775030705
82199,1.152247375273499
82204,1.152247375273499
82205,1.2965389775030705
82213,1.152247375273499
82225,1.152247375273499
82229,1.152247375273499
82231,1.152247375273499
82238,1.152247375273499
82242,1.152247375273499
82246,1.152247375273499
82248,1.152247375273499
82250,1.152247375273499
82257,1.152247375273499
82278,1.152247375273499
82287,1.152247375273499
82288,1.152247375273499
82307,1.152247375273499
82312,1.152247375273499
82313,1.152247375273499
82315,1.152247375273499
82348,1.2965389775030705
82355,1.152247375273499
82356,1.152247375273499
82359,1.152247375273499
82369,1.152247375273499
82378,1.152247375273499
82405,1.152247375273499
82408,1.152247375273499
82417,1.152247375273499
82420,1.152247375273499
82429,1.152247375273499
82445,1.152247375273499
82446,1.152247375273499
82459,1.152247375273499
82470,1.152247375273499
82472,1.152247375273499
82478,1.152247375273499
82479,1.152247375273499
82509,1.152247375273499
82527,1.152247375273499
82529,1.152247375273499
82554,1.152247375273499
82561,1.152247375273499
82565,1.152247375273499
82591,1.152247375273499
82595,1.152247375273499
82600,1.152247375273499
82605,1.152247375273499
82609,1.152247375273499
82610,1.152247375273499
82611,1.152247375273499
82615,1.152247375273499
82618,1.152247375273499
82633,1.152247375273499
82638,1.152247375273499
82644,1.152247375273499
82656,1.152247375273499
82657,1.152247375273499
82673,1.152247375273499
82675,1.152247375273499
82704,1.152247375273499
82718,1.152247375273499
82720,1.152247375273499
82727,1.152247375273499
82730,1.152247375273499
82737,1.152247375273499
82739,1.152247375273499
82740,1.2965389775030705
82759,1.152247375273499
82763,1.152247375273499
82766,1.152247375273499
82769,1.152247375273499
82772,1.152247375273499
82776,1.152247375273499
82779,1.152247375273499
82784,1.2965389775030705
82803,1.152247375273499
82805,1.152247375273499
82811,1.152247375273499
82821,1.152247375273499
82822,1.152247375273499
82825,1.152247375273499
82834,1.152247375273499
82840,1.152247375273499
82841,1.152247375273499
82845,1.152247375273499
82850,1.152247375273499
82855,1.152247375273499
82860,1.152247375273499
82881,1.152247375273499
82897,1.152247375273499
82901,1.152247375273499
82903,1.152247375273499
82906,1.152247375273499
82915,1.152247375273499
82930,1.152247375273499
82949,1.152247375273499
82967,1.152247375273499
82970,1.152247375273499
82986,1.152247375273499
82989,1.152247375273499
82990,1.152247375273499
82992,1.152247375273499
82997,1.152247375273499
82999,1.152247375273499
83001,1.152247375273499
83002,1.152247375273499
83003,1.152247375273499
83004,1.152247375273499
83007,1.152247375273499
83009,1.152247375273499
83019,1.152247375273499
83020,1.152247375273499
83037,1.152247375273499
83041,1.152247375273499
83046,1.152247375273499
83058,1.152247375273499
83087,1.152247375273499
83101,1.152247375273499
83110,1.152247375273499
83116,1.152247375273499
83121,1.152247375273499
83125,1.152247375273499
83131,1.152247375273499
83145,1.152247375273499
83171,1.152247375273499
83181,1.152247375273499
83187,1.152247375273499
83192,1.152247375273499
83202,1.152247375273499
83206,1.152247375273499
83207,1.152247375273499
83215,1.152247375273499
83218,1.152247375273499
83227,1.152247375273499
83250,1.152247375273499
83267,1.152247375273499
83275,1.152247375273499
83285,1.152247375273499
83287,1.152247375273499
83292,1.152247375273499
83295,1.152247375273499
83296,1.152247375273499
83297,1.152247375273499
83309,1.152247375273499
83311,1.152247375273499
83321,1.152247375273499
83325,1.152247375273499
83336,1.152247375273499
83339,1.152247375273499
83345,1.152247375273499
83348,1.152247375273499
83349,1.152247375273499
83352,1.152247375273499
83372,1.2965389775030705
83376,1.152247375273499
83392,1.152247375273499
83398,1.152247375273499
83407,1.152247375273499
83414,1.152247375273499
83426,1.152247375273499
83427,1.152247375273499
83428,1.152247375273499
83431,1.152247375273499
83433,1.152247375273499
83436,1.152247375273499
83450,1.152247375273499
83454,1.152247375273499
83476,1.152247375273499
83491,1.152247375273499
83516,1.152247375273499
83520,1.152247375273499
83522,1.152247375273499
83533,1.152247375273499
83541,1.152247375273499
83543,1.152247375273499
83546,1.152247375273499
83561,1.152247375273499
83574,1.152247375273499
83575,1.152247375273499
83589,1.152247375273499
83592,1.152247375273499
83600,1.152247375273499
83613,1.152247375273499
83614,1.152247375273499
83627,1.152247375273499
83632,1.152247375273499
83633,1.152247375273499
83636,1.152247375273499
83638,1.152247375273499
83659,1.152247375273499
83664,1.152247375273499
83672,1.152247375273499
83680,1.152247375273499
83688,1.152247375273499
83693,1.152247375273499
83702,1.152247375273499
83709,1.152247375273499
83716,1.152247375273499
83734,1.152247375273499
83737,1.152247375273499
83744,1.152247375273499
83749,1.152247375273499
83751,1.152247375273499
83754,1.152247375273499
83768,1.152247375273499
83774,1.152247375273499
83778,1.152247375273499
83787,1.152247375273499
83788,1.152247375273499
83812,1.152247375273499
83822,1.152247375273499
83831,1.152247375273499
83833,1.152247375273499
83839,1.152247375273499
83851,1.152247375273499
83869,1.152247375273499
83870,1.152247375273499
83875,1.152247375273499
83884,1.152247375273499
83885,1.152247375273499
83886,1.152247375273499
83889,1.152247375273499
83894,1.152247375273499
83897,1.152247375273499
83902,1.152247375273499
83908,1.152247375273499
83915,1.152247375273499
83917,1.152247375273499
83918,1.152247375273499
83924,1.152247375273499
83931,1.152247375273499
83949,1.152247375273499
83960,1.152247375273499
83961,1.152247375273499
83975,1.152247375273499
83982,1.152247375273499
83987,1.152247375273499
84006,1.152247375273499
84008,1.152247375273499
84011,1.152247375273499
84014,1.152247375273499
84016,1.152247375273499
84019,1.152247375273499
84021,1.152247375273499
84026,1.152247375273499
84036,1.152247375273499
84046,1.152247375273499
84047,1.152247375273499
84051,1.152247375273499
84054,1.152247375273499
84062,1.152247375273499
84065,1.152247375273499
84086,1.152247375273499
84087,1.152247375273499
84094,1.152247375273499
84099,1.152247375273499
84110,1.152247375273499
84122,1.152247375273499
84130,1.152247375273499
84140,1.152247375273499
84143,1.152247375273499
84167,1.152247375273499
84170,1.152247375273499
84177,1.2965389775030705
84187,1.152247375273499
84189,1.152247375273499
84195,1.152247375273499
84200,1.2965389775030705
84211,1.152247375273499
84219,1.152247375273499
84220,1.152247375273499
84226,1.152247375273499
84238,1.152247375273499
84265,1.152247375273499
84278,1.152247375273499
84279,1.152247375273499
84287,1.152247375273499
84290,1.152247375273499
84293,1.152247375273499
84332,1.152247375273499
84338,1.152247375273499
84340,1.152247375273499
84347,1.152247375273499
84353,1.152247375273499
84368,1.152247375273499
84371,1.152247375273499
84372,1.152247375273499
84374,1.152247375273499
84375,1.152247375273499
84380,1.152247375273499
84382,1.152247375273499
84383,1.152247375273499
84385,1.152247375273499
84391,1.152247375273499
84394,1.152247375273499
84399,1.152247375273499
84400,1.152247375273499
84409,1.152247375273499
84425,1.152247375273499
84435,1.152247375273499
84443,1.152247375273499
84447,1.152247375273499
84452,1.152247375273499
84463,1.152247375273499
84482,1.152247375273499
84494,1.152247375273499
84495,1.152247375273499
84509,1.152247375273499
84524,1.152247375273499
84535,1.152247375273499
84545,1.152247375273499
84546,1.152247375273499
84561,1.152247375273499
84564,1.152247375273499
84587,1.152247375273499
84592,1.152247375273499
84605,1.152247375273499
84606,1.152247375273499
84614,1.152247375273499
84615,1.152247375273499
84617,1.152247375273499
84618,1.152247375273499
84626,1.2965389775030705
84650,1.152247375273499
84652,1.152247375273499
84658,1.152247375273499
84661,1.152247375273499
84665,1.152247375273499
84671,1.152247375273499
84677,1.152247375273499
84704,1.152247375273499
84717,1.152247375273499
84747,1.152247375273499
84759,1.152247375273499
84773,1.152247375273499
84786,1.152247375273499
84787,1.152247375273499
84793,1.152247375273499
84796,1.152247375273499
84810,1.152247375273499
84817,1.152247375273499
84820,1.152247375273499
84822,1.152247375273499
84825,1.152247375273499
84826,1.152247375273499
84831,1.152247375273499
84835,1.152247375273499
84837,1.152247375273499
84849,1.152247375273499
84850,1.152247375273499
84852,1.152247375273499
84859,1.152247375273499
84862,1.152247375273499
84865,1.152247375273499
84866,1.152247375273499
84867,1.152247375273499
84869,1.152247375273499
84875,1.152247375273499
84878,1.152247375273499
84879,1.152247375273499
84894,1.152247375273499
84896,1.152247375273499
84902,1.152247375273499
84912,1.152247375273499
84913,1.152247375273499
84916,1.152247375273499
84921,1.152247375273499
84926,1.152247375273499
84928,1.152247375273499
84931,1.152247375273499
84933,1.152247375273499
84934,1.152247375273499
84936,1.152247375273499
84947,1.152247375273499
84948,1.152247375273499
84967,1.152247375273499
84970,1.152247375273499
84976,1.152247375273499
84995,1.152247375273499
84997,1.152247375273499
85022,1.152247375273499
85035,1.152247375273499
85041,1.152247375273499
85049,1.152247375273499
85052,1.152247375273499
85055,1.152247375273499
85057,1.152247375273499
85064,1.152247375273499
85092,1.152247375273499
85101,1.152247375273499
85104,1.152247375273499
85107,1.152247375273499
85108,1.152247375273499
85110,1.152247375273499
85113,1.152247375273499
85127,1.152247375273499
85129,1.152247375273499
85145,1.152247375273499
85147,1.152247375273499
85152,1.152247375273499
85157,1.152247375273499
85160,1.152247375273499
85163,1.152247375273499
85176,1.152247375273499
85183,1.152247375273499
85205,1.152247375273499
85214,1.152247375273499
85217,1.152247375273499
85230,1.152247375273499
85234,1.152247375273499
85237,1.152247375273499
85238,1.152247375273499
85244,1.152247375273499
85249,1.152247375273499
85252,1.152247375273499
85257,1.152247375273499
85258,1.152247375273499
85263,1.152247375273499
85275,1.152247375273499
85276,1.152247375273499
85280,1.152247375273499
85293,1.152247375273499
85320,1.152247375273499
85324,1.152247375273499
85325,1.152247375273499
85345,1.152247375273499
85354,1.152247375273499
85369,1.152247375273499
85383,1.152247375273499
85389,1.152247375273499
85390,1.152247375273499
85393,1.152247375273499
85406,1.152247375273499
85420,1.152247375273499
85423,1.152247375273499
85431,1.152247375273499
85435,1.152247375273499
85437,1.152247375273499
85443,1.152247375273499
85444,1.152247375273499
85445,1.2965389775030705
85448,1.152247375273499
85451,1.152247375273499
85453,1.152247375273499
85460,1.152247375273499
85465,1.152247375273499
85481,1.152247375273499
85487,1.152247375273499
85492,1.2965389775030705
85499,1.152247375273499
85505,1.152247375273499
85509,1.152247375273499
85511,1.152247375273499
85517,1.152247375273499
85523,1.152247375273499
85525,1.152247375273499
85529,1.152247375273499
85531,1.152247375273499
85536,1.152247375273499
85565,1.152247375273499
85577,1.152247375273499
85584,1.152247375273499
85588,1.152247375273499
85592,1.152247375273499
85594,1.152247375273499
85596,1.152247375273499
85601,1.152247375273499
85619,1.152247375273499
85633,1.152247375273499
85637,1.152247375273499
85639,1.152247375273499
85644,1.152247375273499
85645,1.152247375273499
85649,1.152247375273499
85655,1.152247375273499
85664,1.152247375273499
85670,1.152247375273499
85672,1.152247375273499
85676,1.152247375273499
85681,1.152247375273499
85685,1.152247375273499
85692,1.152247375273499
85696,1.152247375273499
85701,1.152247375273499
85706,1.2965389775030705
85714,1.152247375273499
85718,1.152247375273499
85726,1.152247375273499
85727,1.152247375273499
85730,1.152247375273499
85733,1.152247375273499
85739,1.152247375273499
85740,1.152247375273499
85764,1.152247375273499
85772,1.152247375273499
85776,1.152247375273499
85777,1.152247375273499
85783,1.152247375273499
85787,1.152247375273499
85788,1.152247375273499
85804,1.152247375273499
85810,1.152247375273499
85811,1.152247375273499
85816,1.152247375273499
85828,1.152247375273499
85832,1.152247375273499
85844,1.152247375273499
85856,1.152247375273499
85880,1.2965389775030705
85890,1.152247375273499
85894,1.152247375273499
85913,1.152247375273499
85936,1.152247375273499
85939,1.152247375273499
85943,1.152247375273499
85947,1.152247375273499
85977,1.152247375273499
85986,1.152247375273499
85990,1.152247375273499
85994,1.152247375273499
86007,1.152247375273499
86013,1.152247375273499
86028,1.152247375273499
86032,1.152247375273499
86034,1.152247375273499
86040,1.152247375273499
86050,1.152247375273499
86053,1.152247375273499
86061,1.152247375273499
86069,1.152247375273499
86090,1.152247375273499
86093,1.152247375273499
86097,1.152247375273499
86100,1.152247375273499
86101,1.152247375273499
86108,1.152247375273499
86118,1.2965389775030705
86121,1.152247375273499
86123,1.152247375273499
86126,1.152247375273499
86143,1.152247375273499
86147,1.152247375273499
86168,1.152247375273499
86177,1.152247375273499
86180,1.152247375273499
86182,1.152247375273499
86185,1.152247375273499
86231,1.152247375273499
86232,1.152247375273499
86236,1.152247375273499
86238,1.152247375273499
86254,1.152247375273499
86259,1.152247375273499
86262,1.152247375273499
86297,1.152247375273499
86301,1.152247375273499
86316,1.152247375273499
86319,1.152247375273499
86321,1.152247375273499
86324,1.152247375273499
86328,1.152247375273499
86329,1.152247375273499
86345,1.152247375273499
86348,1.152247375273499
86350,1.152247375273499
86351,1.152247375273499
86354,1.152247375273499
86357,1.152247375273499
86358,1.152247375273499
86359,1.152247375273499
86360,1.152247375273499
86367,1.152247375273499
86390,1.152247375273499
86394,1.152247375273499
86395,1.2965389775030705
86404,1.152247375273499
86410,1.152247375273499
86445,1.152247375273499
86447,1.152247375273499
86460,1.152247375273499
86472,1.152247375273499
86487,1.152247375273499
86494,1.152247375273499
86495,1.152247375273499
86498,1.152247375273499
86512,1.152247375273499
86514,1.152247375273499
86516,1.152247375273499
86517,1.152247375273499
86523,1.152247375273499
86529,1.152247375273499
86534,1.152247375273499
86537,1.152247375273499
86553,1.152247375273499
86558,1.152247375273499
86564,1.152247375273499
86566,1.152247375273499
86573,1.152247375273499
86575,1.152247375273499
86579,1.152247375273499
86580,1.152247375273499
86590,1.152247375273499
86591,1.152247375273499
86595,1.152247375273499
86617,1.152247375273499
86618,1.152247375273499
86621,1.152247375273499
86624,1.152247375273499
86625,1.152247375273499
86633,1.152247375273499
86644,1.152247375273499
86649,1.152247375273499
86650,1.152247375273499
86659,1.152247375273499
86660,1.152247375273499
86664,1.152247375273499
86671,1.152247375273499
86674,1.152247375273499
86686,1.152247375273499
86687,1.152247375273499
86706,1.152247375273499
86715,1.152247375273499
86718,1.152247375273499
86719,1.152247375273499
86728,1.152247375273499
86733,1.152247375273499
86745,1.152247375273499
86748,1.152247375273499
86753,1.152247375273499
86754,1.152247375273499
86790,1.152247375273499
86798,1.152247375273499
86818,1.152247375273499
86820,1.152247375273499
86850,1.152247375273499
86872,1.152247375273499
86882,1.152247375273499
86886,1.152247375273499
86887,1.152247375273499
86913,1.152247375273499
86917,1.152247375273499
86918,1.152247375273499
86931,1.152247375273499
86939,1.152247375273499
86958,1.152247375273499
86961,1.152247375273499
86965,1.152247375273499
86966,1.152247375273499
86967,1.152247375273499
86981,1.152247375273499
86992,1.152247375273499
86996,1.152247375273499
87007,1.152247375273499
87010,1.152247375273499
87018,1.152247375273499
87033,1.152247375273499
87049,1.152247375273499
87050,1.152247375273499
87055,1.152247375273499
87074,1.152247375273499
87086,1.152247375273499
87100,1.152247375273499
87123,1.152247375273499
87127,1.152247375273499
87130,1.152247375273499
87140,1.152247375273499
87154,1.152247375273499
87177,1.152247375273499
87187,1.152247375273499
87190,1.152247375273499
87191,1.152247375273499
87192,1.152247375273499
87196,1.152247375273499
87197,1.152247375273499
87198,1.152247375273499
87209,1.152247375273499
87212,1.152247375273499
87219,1.152247375273499
87235,1.152247375273499
87238,1.152247375273499
87244,1.2965389775030705
87261,1.152247375273499
87265,1.152247375273499
87284,1.152247375273499
87294,1.152247375273499
87303,1.152247375273499
87315,1.152247375273499
87318,1.2965389775030705
87325,1.152247375273499
87332,1.152247375273499
87349,1.152247375273499
87373,1.152247375273499
87387,1.152247375273499
87398,1.152247375273499
87413,1.152247375273499
87422,1.152247375273499
87423,1.152247375273499
87427,1.152247375273499
87429,1.152247375273499
87430,1.152247375273499
87437,1.152247375273499
87457,1.152247375273499
87462,1.2965389775030705
87463,1.152247375273499
87470,1.152247375273499
87487,1.152247375273499
87490,1.152247375273499
87498,1.152247375273499
87505,1.152247375273499
87506,1.152247375273499
87507,1.152247375273499
87517,1.152247375273499
87521,1.152247375273499
87524,1.152247375273499
87527,1.152247375273499
87531,1.152247375273499
87551,1.152247375273499
87555,1.152247375273499
87558,1.152247375273499
87559,1.152247375273499
87560,1.152247375273499
87582,1.152247375273499
87585,1.152247375273499
87587,1.152247375273499
87591,1.152247375273499
87596,1.152247375273499
87612,1.152247375273499
87623,1.152247375273499
87627,1.152247375273499
87630,1.152247375273499
87645,1.152247375273499
87647,1.152247375273499
87648,1.152247375273499
87666,1.152247375273499
87684,1.152247375273499
87688,1.152247375273499
87707,1.152247375273499
87714,1.152247375273499
87730,1.152247375273499
87742,1.152247375273499
87757,1.152247375273499
87761,1.152247375273499
87774,1.152247375273499
87795,1.152247375273499
87803,1.152247375273499
87805,1.152247375273499
87807,1.152247375273499
87808,1.152247375273499
87812,1.152247375273499
87816,1.152247375273499
87821,1.152247375273499
87832,1.152247375273499
87844,1.152247375273499
87846,1.152247375273499
87848,1.152247375273499
87855,1.152247375273499
87862,1.152247375273499
87885,1.152247375273499
87886,1.152247375273499
87897,1.152247375273499
87898,1.152247375273499
87899,1.152247375273499
87905,1.152247375273499
87908,1.152247375273499
87910,1.152247375273499
87918,1.152247375273499
87934,1.152247375273499
87942,1.152247375273499
87951,1.152247375273499
87961,1.152247375273499
87965,1.152247375273499
87975,1.152247375273499
87994,1.152247375273499
87999,1.152247375273499
88001,1.152247375273499
88005,1.152247375273499
88008,1.152247375273499
88011,1.152247375273499
88022,1.152247375273499
88040,1.152247375273499
88049,1.152247375273499
88055,1.152247375273499
88059,1.152247375273499
88060,1.152247375273499
88064,1.152247375273499
88075,1.152247375273499
88085,1.152247375273499
88099,1.152247375273499
88110,1.152247375273499
88111,1.152247375273499
88113,1.152247375273499
88125,1.152247375273499
88128,1.152247375273499
88137,1.152247375273499
88156,1.152247375273499
88161,1.152247375273499
88164,1.152247375273499
88169,1.152247375273499
88173,1.152247375273499
88174,1.152247375273499
88179,1.152247375273499
88181,1.152247375273499
88200,1.152247375273499
88208,1.152247375273499
88211,1.152247375273499
88217,1.152247375273499
88228,1.152247375273499
88240,1.152247375273499
88241,1.152247375273499
88250,1.152247375273499
88261,1.152247375273499
88274,1.152247375273499
88277,1.152247375273499
88299,1.152247375273499
88309,1.152247375273499
88310,1.152247375273499
88317,1.152247375273499
88319,1.152247375273499
88329,1.152247375273499
88333,1.152247375273499
88348,1.152247375273499
88350,1.152247375273499
88359,1.152247375273499
88361,1.152247375273499
88367,1.152247375273499
88370,1.152247375273499
88397,1.152247375273499
88400,1.152247375273499
88404,1.152247375273499
88410,1.152247375273499
88417,1.152247375273499
88422,1.152247375273499
88425,1.152247375273499
88427,1.152247375273499
88434,1.152247375273499
88449,1.152247375273499
88454,1.152247375273499
88459,1.152247375273499
88461,1.152247375273499
88463,1.152247375273499
88473,1.152247375273499
88482,1.152247375273499
88487,1.152247375273499
88490,1.152247375273499
88508,1.152247375273499
88509,1.152247375273499
88514,1.152247375273499
88524,1.152247375273499
88529,1.152247375273499
88533,1.152247375273499
88538,1.152247375273499
88539,1.152247375273499
88540,1.152247375273499
88541,1.152247375273499
88544,1.152247375273499
88561,1.2965389775030705
88570,1.152247375273499
88572,1.152247375273499
88574,1.152247375273499
88575,1.152247375273499
88587,1.152247375273499
88588,1.152247375273499
88593,1.152247375273499
88596,1.152247375273499
88598,1.152247375273499
88600,1.152247375273499
88609,1.152247375273499
88614,1.152247375273499
88629,1.152247375273499
88634,1.152247375273499
88641,1.152247375273499
88659,1.152247375273499
88666,1.152247375273499
88673,1.152247375273499
88686,1.152247375273499
88708,1.152247375273499
88709,1.152247375273499
88721,1.152247375273499
88731,1.152247375273499
88738,1.152247375273499
88742,1.152247375273499
88748,1.152247375273499
88762,1.152247375273499
88767,1.152247375273499
88772,1.152247375273499
88781,1.2965389775030705
88787,1.152247375273499
88791,1.152247375273499
88799,1.152247375273499
88804,1.152247375273499
88805,1.152247375273499
88806,1.152247375273499
88829,1.152247375273499
88833,1.152247375273499
88834,1.152247375273499
88842,1.152247375273499
88843,1.152247375273499
88845,1.152247375273499
88847,1.152247375273499
88848,1.152247375273499
88859,1.152247375273499
88861,1.152247375273499
88867,1.2965389775030705
88883,1.152247375273499
88884,1.152247375273499
88890,1.152247375273499
88895,1.2965389775030705
88898,1.152247375273499
88899,1.152247375273499
88901,1.152247375273499
88902,1.152247375273499
88903,1.152247375273499
88907,1.152247375273499
88914,1.152247375273499
88915,1.152247375273499
88920,1.152247375273499
88924,1.152247375273499
88925,1.152247375273499
88926,1.152247375273499
88935,1.152247375273499
88942,1.152247375273499
88951,1.152247375273499
88955,1.152247375273499
88959,1.152247375273499
88965,1.152247375273499
88970,1.152247375273499
88974,1.152247375273499
89001,1.152247375273499
89009,1.152247375273499
89012,1.152247375273499
89013,1.152247375273499
89015,1.152247375273499
89029,1.152247375273499
89031,1.152247375273499
89034,1.152247375273499
89038,1.152247375273499
89052,1.152247375273499
89062,1.152247375273499
89063,1.152247375273499
89064,1.152247375273499
89066,1.152247375273499
89090,1.152247375273499
89103,1.152247375273499
89106,1.152247375273499
89122,1.152247375273499
89123,1.152247375273499
89146,1.152247375273499
89166,1.152247375273499
89169,1.152247375273499
89183,1.152247375273499
89187,1.152247375273499
89201,1.152247375273499
89217,1.152247375273499
89222,1.152247375273499
89223,1.152247375273499
89229,1.152247375273499
89230,1.152247375273499
89231,1.152247375273499
89233,1.2965389775030705
89237,1.152247375273499
89253,1.152247375273499
89261,1.152247375273499
89263,1.152247375273499
89266,1.152247375273499
89267,1.152247375273499
89271,1.152247375273499
89273,1.152247375273499
89276,1.152247375273499
89296,1.152247375273499
89297,1.152247375273499
89301,1.152247375273499
89305,1.152247375273499
89308,1.152247375273499
89317,1.152247375273499
89328,1.152247375273499
89332,1.2965389775030705
89336,1.152247375273499
89346,1.152247375273499
89348,1.152247375273499
89351,1.152247375273499
89353,1.152247375273499
89362,1.152247375273499
89377,1.152247375273499
89397,1.152247375273499
89401,1.152247375273499
89403,1.152247375273499
89426,1.152247375273499
89435,1.152247375273499
89436,1.152247375273499
89441,1.152247375273499
89453,1.152247375273499
89455,1.152247375273499
89462,1.152247375273499
89463,1.152247375273499
89482,1.152247375273499
89488,1.152247375273499
89489,1.152247375273499
89495,1.152247375273499
89500,1.152247375273499
89517,1.152247375273499
89519,1.152247375273499
89525,1.152247375273499
89541,1.152247375273499
89542,1.152247375273499
89552,1.152247375273499
89557,1.152247375273499
89563,1.152247375273499
89577,1.152247375273499
89578,1.152247375273499
89586,1.152247375273499
89594,1.152247375273499
89601,1.152247375273499
89607,1.152247375273499
89616,1.152247375273499
89618,1.152247375273499
89620,1.152247375273499
89629,1.152247375273499
89639,1.2965389775030705
89640,1.152247375273499
89641,1.152247375273499
89642,1.2965389775030705
89647,1.152247375273499
89649,1.152247375273499
89650,1.152247375273499
89651,1.152247375273499
89672,1.152247375273499
89684,1.152247375273499
89700,1.152247375273499
89702,1.152247375273499
89704,1.152247375273499
89709,1.152247375273499
89720,1.152247375273499
89723,1.152247375273499
89726,1.152247375273499
89735,1.152247375273499
89741,1.152247375273499
89750,1.152247375273499
89751,1.152247375273499
89759,1.152247375273499
89765,1.152247375273499
89772,1.152247375273499
89774,1.152247375273499
89781,1.152247375273499
89786,1.152247375273499
89792,1.152247375273499
89793,1.152247375273499
89802,1.152247375273499
89809,1.152247375273499
89814,1.152247375273499
89815,1.152247375273499
89820,1.152247375273499
89825,1.152247375273499
89833,1.152247375273499
89835,1.152247375273499
89841,1.152247375273499
89842,1.152247375273499
89862,1.152247375273499
89866,1.152247375273499
89876,1.152247375273499
89879,1.152247375273499
89884,1.152247375273499
89902,1.152247375273499
89909,1.152247375273499
89911,1.152247375273499
89918,1.152247375273499
89938,1.152247375273499
89939,1.152247375273499
89945,1.152247375273499
89948,1.152247375273499
89956,1.152247375273499
89959,1.152247375273499
89966,1.2965389775030705
89975,1.152247375273499
89981,1.152247375273499
89988,1.152247375273499
89997,1.152247375273499
90006,1.152247375273499
90013,1.152247375273499
90014,1.152247375273499
90020,1.152247375273499
90030,1.152247375273499
90046,1.152247375273499
90061,1.152247375273499
90066,1.152247375273499
90067,1.152247375273499
90068,1.152247375273499
90069,1.152247375273499
90075,1.152247375273499
90082,1.152247375273499
90086,1.152247375273499
90090,1.152247375273499
90093,1.152247375273499
90099,1.152247375273499
90106,1.152247375273499
90115,1.152247375273499
90124,1.152247375273499
90146,1.152247375273499
90153,1.152247375273499
90156,1.152247375273499
90178,1.152247375273499
90182,1.152247375273499
90195,1.152247375273499
90204,1.152247375273499
90223,1.152247375273499
90230,1.152247375273499
90240,1.152247375273499
90242,1.152247375273499
90243,1.152247375273499
90248,1.152247375273499
90249,1.152247375273499
90257,1.152247375273499
90266,1.2965389775030705
90271,1.152247375273499
90272,1.152247375273499
90278,1.152247375273499
90279,1.152247375273499
90281,1.152247375273499
90287,1.2965389775030705
90295,1.152247375273499
90319,1.152247375273499
90327,1.152247375273499
90353,1.152247375273499
90355,1.152247375273499
90357,1.152247375273499
90367,1.152247375273499
90370,1.152247375273499
90371,1.152247375273499
90380,1.152247375273499
90398,1.152247375273499
90403,1.152247375273499
90410,1.152247375273499
90412,1.152247375273499
90417,1.152247375273499
90426,1.152247375273499
90433,1.152247375273499
90442,1.152247375273499
90464,1.152247375273499
90470,1.152247375273499
90480,1.152247375273499
90481,1.152247375273499
90485,1.152247375273499
90498,1.152247375273499
90517,1.152247375273499
90518,1.152247375273499
90528,1.152247375273499
90533,1.152247375273499
90547,1.152247375273499
90555,1.152247375273499
90559,1.152247375273499
90570,1.152247375273499
90572,1.152247375273499
90581,1.152247375273499
90586,1.152247375273499
90594,1.152247375273499
90610,1.152247375273499
90625,1.152247375273499
90633,1.152247375273499
90649,1.152247375273499
90653,1.152247375273499
90655,1.152247375273499
90656,1.152247375273499
90661,1.152247375273499
90664,1.152247375273499
90675,1.152247375273499
90684,1.152247375273499
90687,1.152247375273499
90698,1.152247375273499
90713,1.152247375273499
90715,1.152247375273499
90719,1.152247375273499
90720,1.152247375273499
90724,1.152247375273499
90733,1.152247375273499
90745,1.152247375273499
90746,1.152247375273499
90773,1.152247375273499
90777,1.152247375273499
90797,1.152247375273499
90804,1.152247375273499
90817,1.152247375273499
90820,1.152247375273499
90824,1.152247375273499
90829,1.152247375273499
90831,1.152247375273499
90837,1.152247375273499
90847,1.152247375273499
90848,1.152247375273499
90852,1.152247375273499
90856,1.152247375273499
90874,1.152247375273499
90877,1.152247375273499
90883,1.152247375273499
90890,1.152247375273499
90896,1.152247375273499
90902,1.152247375273499
90906,1.152247375273499
90908,1.152247375273499
90910,1.152247375273499
90914,1.152247375273499
90915,1.152247375273499
90926,1.2965389775030705
90929,1.152247375273499
90930,1.152247375273499
90931,1.152247375273499
90938,1.152247375273499
90941,1.152247375273499
90951,1.152247375273499
90958,1.152247375273499
90959,1.152247375273499
90961,1.152247375273499
90970,1.152247375273499
90980,1.152247375273499
90989,1.152247375273499
90990,1.152247375273499
91008,1.152247375273499
91010,1.152247375273499
91016,1.152247375273499
91022,1.152247375273499
91027,1.152247375273499
91028,1.152247375273499
91036,1.152247375273499
91043,1.152247375273499
91052,1.152247375273499
91055,1.152247375273499
91064,1.152247375273499
91073,1.152247375273499
91076,1.152247375273499
91084,1.152247375273499
91091,1.152247375273499
91104,1.152247375273499
91114,1.152247375273499
91120,1.152247375273499
91122,1.152247375273499
91137,1.152247375273499
91153,1.152247375273499
91163,1.152247375273499
91165,1.152247375273499
91166,1.152247375273499
91167,1.152247375273499
91178,1.152247375273499
91180,1.152247375273499
91196,1.152247375273499
91206,1.152247375273499
91247,1.152247375273499
91261,1.152247375273499
91263,1.152247375273499
91278,1.152247375273499
91284,1.152247375273499
91285,1.152247375273499
91295,1.152247375273499
91303,1.152247375273499
91306,1.152247375273499
91325,1.152247375273499
91333,1.152247375273499
91336,1.152247375273499
91338,1.152247375273499
91341,1.152247375273499
91343,1.152247375273499
91351,1.152247375273499
91353,1.152247375273499
91359,1.152247375273499
91361,1.152247375273499
91371,1.152247375273499
91373,1.152247375273499
91383,1.152247375273499
91389,1.152247375273499
91391,1.152247375273499
91397,1.152247375273499
91401,1.152247375273499
91403,1.152247375273499
91404,1.152247375273499
91410,1.152247375273499
91420,1.152247375273499
91423,1.152247375273499
91425,1.152247375273499
91435,1.152247375273499
91442,1.152247375273499
91445,1.152247375273499
91449,1.152247375273499
91451,1.152247375273499
91456,1.152247375273499
91463,1.152247375273499
91475,1.152247375273499
91477,1.152247375273499
91479,1.152247375273499
91495,1.152247375273499
91497,1.2965389775030705
91513,1.152247375273499
91530,1.152247375273499
91533,1.152247375273499
91538,1.152247375273499
91557,1.152247375273499
91560,1.152247375273499
91564,1.152247375273499
91582,1.152247375273499
91583,1.152247375273499
91586,1.152247375273499
91592,1.2965389775030705
91599,1.152247375273499
91609,1.152247375273499
91621,1.152247375273499
91622,1.152247375273499
91624,1.152247375273499
91626,1.152247375273499
91627,1.152247375273499
91632,1.152247375273499
91644,1.152247375273499
91661,1.152247375273499
91670,1.152247375273499
91671,1.152247375273499
91675,1.152247375273499
91683,1.152247375273499
91699,1.152247375273499
91712,1.152247375273499
91713,1.152247375273499
91729,1.152247375273499
91730,1.152247375273499
91732,1.152247375273499
91737,1.152247375273499
91743,1.152247375273499
91808,1.152247375273499
91811,1.152247375273499
91816,1.152247375273499
91817,1.152247375273499
91819,1.152247375273499
91821,1.152247375273499
91858,1.152247375273499
91880,1.152247375273499
91887,1.152247375273499
91889,1.152247375273499
91893,1.152247375273499
91911,1.152247375273499
91921,1.152247375273499
91938,1.152247375273499
91965,1.152247375273499
91995,1.152247375273499
91996,1.152247375273499
91997,1.152247375273499
92019,1.152247375273499
92024,1.152247375273499
92025,1.152247375273499
92027,1.152247375273499
92042,1.152247375273499
92043,1.152247375273499
92049,1.152247375273499
92058,1.152247375273499
92062,1.152247375273499
92124,1.152247375273499
92128,1.152247375273499
92129,1.152247375273499
92134,1.152247375273499
92138,1.152247375273499
92139,1.152247375273499
92141,1.152247375273499
92168,1.152247375273499
92188,1.152247375273499
92190,1.152247375273499
92204,1.152247375273499
92212,1.152247375273499
92216,1.152247375273499
92243,1.152247375273499
92256,1.152247375273499
92258,1.152247375273499
92262,1.152247375273499
92271,1.152247375273499
92283,1.152247375273499
92284,1.152247375273499
92286,1.152247375273499
92292,1.152247375273499
92297,1.152247375273499
92314,1.152247375273499
92319,1.152247375273499
92337,1.152247375273499
92338,1.152247375273499
92347,1.152247375273499
92351,1.152247375273499
92353,1.152247375273499
92358,1.152247375273499
92368,1.152247375273499
92369,1.152247375273499
92374,1.152247375273499
92376,1.152247375273499
92386,1.152247375273499
92398,1.152247375273499
92401,1.152247375273499
92404,1.152247375273499
92409,1.152247375273499
92433,1.152247375273499
92454,1.152247375273499
92462,1.152247375273499
92473,1.152247375273499
92475,1.152247375273499
92531,1.152247375273499
92542,1.152247375273499
92545,1.152247375273499
92559,1.152247375273499
92577,1.152247375273499
92586,1.152247375273499
92587,1.152247375273499
92590,1.152247375273499
92593,1.152247375273499
92603,1.152247375273499
92606,1.152247375273499
92623,1.152247375273499
92625,1.152247375273499
92626,1.152247375273499
92636,1.152247375273499
92656,1.152247375273499
92657,1.152247375273499
92660,1.152247375273499
92674,1.2965389775030705
92675,1.152247375273499
92690,1.152247375273499
92702,1.152247375273499
92709,1.152247375273499
92714,1.152247375273499
92715,1.152247375273499
92721,1.152247375273499
92748,1.152247375273499
92759,1.152247375273499
92773,1.152247375273499
92777,1.152247375273499
92788,1.152247375273499
92793,1.152247375273499
92797,1.152247375273499
92815,1.152247375273499
92824,1.152247375273499
92838,1.152247375273499
92846,1.152247375273499
92850,1.152247375273499
92851,1.152247375273499
92859,1.152247375273499
92861,1.152247375273499
92880,1.152247375273499
92881,1.152247375273499
92883,1.152247375273499
92884,1.152247375273499
92903,1.152247375273499
92905,1.152247375273499
92911,1.152247375273499
92914,1.152247375273499
92920,1.152247375273499
92921,1.152247375273499
92922,1.152247375273499
92924,1.152247375273499
92933,1.152247375273499
92952,1.152247375273499
92957,1.152247375273499
92961,1.152247375273499
92964,1.152247375273499
92966,1.152247375273499
92967,1.152247375273499
92974,1.152247375273499
92975,1.152247375273499
92990,1.152247375273499
92991,1.152247375273499
92994,1.152247375273499
93003,1.152247375273499
93005,1.152247375273499
93011,1.152247375273499
93014,1.152247375273499
93016,1.152247375273499
93019,1.152247375273499
93028,1.152247375273499
93029,1.152247375273499
93052,1.152247375273499
93068,1.152247375273499
93070,1.152247375273499
93072,1.152247375273499
93075,1.152247375273499
93083,1.152247375273499
93088,1.152247375273499
93093,1.152247375273499
93107,1.152247375273499
93109,1.152247375273499
93113,1.152247375273499
93115,1.152247375273499
93120,1.152247375273499
93130,1.152247375273499
93140,1.152247375273499
93148,1.152247375273499
93153,1.152247375273499
93171,1.152247375273499
93183,1.152247375273499
93187,1.152247375273499
93192,1.152247375273499
93202,1.152247375273499
93205,1.152247375273499
93206,1.152247375273499
93208,1.152247375273499
93212,1.152247375273499
93218,1.152247375273499
93222,1.152247375273499
93223,1.152247375273499
93235,1.152247375273499
93249,1.152247375273499
93251,1.152247375273499
93254,1.152247375273499
93258,1.152247375273499
93263,1.152247375273499
93275,1.152247375273499
93279,1.152247375273499
93282,1.152247375273499
93297,1.2965389775030705
93299,1.152247375273499
93322,1.152247375273499
93324,1.152247375273499
93325,1.2965389775030705
93327,1.152247375273499
93330,1.152247375273499
93348,1.152247375273499
93354,1.152247375273499
93365,1.152247375273499
93373,1.152247375273499
93375,1.152247375273499
93390,1.152247375273499
93391,1.152247375273499
93405,1.152247375273499
93410,1.152247375273499
93446,1.152247375273499
93451,1.152247375273499
93459,1.152247375273499
93461,1.152247375273499
93476,1.152247375273499
93490,1.152247375273499
93510,1.152247375273499
93518,1.152247375273499
93524,1.152247375273499
93535,1.152247375273499
93537,1.152247375273499
93540,1.2965389775030705
93545,1.152247375273499
93558,1.152247375273499
93592,1.152247375273499
93593,1.152247375273499
93607,1.152247375273499
93608,1.152247375273499
93612,1.152247375273499
93626,1.152247375273499
93639,1.152247375273499
93643,1.152247375273499
93646,1.152247375273499
93652,1.152247375273499
93663,1.152247375273499
93690,1.152247375273499
93691,1.152247375273499
93702,1.152247375273499
